Workbook

Sheet Инициализация
A1: x | B1: f(x)
A2: -19 | B2: =POWER(A2,4)+8*POWER(A2,3)-6*POWER(A2,2)-72*A2+90 -> 74741
A3: -18 | B3: =POWER(A3,4)+8*POWER(A3,3)-6*POWER(A3,2)-72*A3+90 -> 57762
A4: -17 | B4: =POWER(A4,4)+8*POWER(A4,3)-6*POWER(A4,2)-72*A4+90 -> 43797
A5: -16 | B5: =POWER(A5,4)+8*POWER(A5,3)-6*POWER(A5,2)-72*A5+90 -> 32474
A6: -15 | B6: =POWER(A6,4)+8*POWER(A6,3)-6*POWER(A6,2)-72*A6+90 -> 23445
A7: -14 | B7: =POWER(A7,4)+8*POWER(A7,3)-6*POWER(A7,2)-72*A7+90 -> 16386
A8: -13 | B8: =POWER(A8,4)+8*POWER(A8,3)-6*POWER(A8,2)-72*A8+90 -> 10997
A9: -12 | B9: =POWER(A9,4)+8*POWER(A9,3)-6*POWER(A9,2)-72*A9+90 -> 7002
A10: -11 | B10: =POWER(A10,4)+8*POWER(A10,3)-6*POWER(A10,2)-72*A10+90 -> 4149
A11: -10 | B11: =POWER(A11,4)+8*POWER(A11,3)-6*POWER(A11,2)-72*A11+90 -> 2210
A12: -9 | B12: =POWER(A12,4)+8*POWER(A12,3)-6*POWER(A12,2)-72*A12+90 -> 981
A13: -8 | B13: =POWER(A13,4)+8*POWER(A13,3)-6*POWER(A13,2)-72*A13+90 -> 282
... A27: 6 | B27: =POWER(A27,4)+8*POWER(A27,3)-6*POWER(A27,2)-72*A27+90 -> 2466
A28: 7 | B28: =POWER(A28,4)+8*POWER(A28,3)-6*POWER(A28,2)-72*A28+90 -> 4437 | D28: ε = | E28: 0.05
A29: 8 | B29: =POWER(A29,4)+8*POWER(A29,3)-6*POWER(A29,2)-72*A29+90 -> 7322
A30: 9 | B30: =POWER(A30,4)+8*POWER(A30,3)-6*POWER(A30,2)-72*A30+90 -> 11349
A31: 10 | B31: =POWER(A31,4)+8*POWER(A31,3)-6*POWER(A31,2)-72*A31+90 -> 16770
A32: 11 | B32: =POWER(A32,4)+8*POWER(A32,3)-6*POWER(A32,2)-72*A32+90 -> 23861
A33: 12 | B33: =POWER(A33,4)+8*POWER(A33,3)-6*POWER(A33,2)-72*A33+90 -> 32922
A34: 13 | B34: =POWER(A34,4)+8*POWER(A34,3)-6*POWER(A34,2)-72*A34+90 -> 44277
A35: 14 | B35: =POWER(A35,4)+8*POWER(A35,3)-6*POWER(A35,2)-72*A35+90 -> 58274
A36: 15 | B36: =POWER(A36,4)+8*POWER(A36,3)-6*POWER(A36,2)-72*A36+90 -> 75285
A37: 16 | B37: =POWER(A37,4)+8*POWER(A37,3)-6*POWER(A37,2)-72*A37+90 -> 95706
A38: 17 | B38: =POWER(A38,4)+8*POWER(A38,3)-6*POWER(A38,2)-72*A38+90 -> 119957
A39: 18 | B39: =POWER(A39,4)+8*POWER(A39,3)-6*POWER(A39,2)-72*A39+90 -> 148482
A40: 19 | B40: =POWER(A40,4)+8*POWER(A40,3)-6*POWER(A40,2)-72*A40+90 -> 181749

Sheet Итерации 1-3 Деление интервала
A1: x | B1: f(x) | K1: L= | L1: =A18-A2 -> 16 | S1: 1 итерация
A2: -10 | B2: =POWER(A2,4)+8*POWER(A2,3)-6*POWER(A2,2)-72*A2+90 -> 2210 | K2: x_m = | L2: =(A18+A2)/2 -> -2
A3: -9 | B3: =POWER(A3,4)+8*POWER(A3,3)-6*POWER(A3,2)-72*A3+90 -> 981 | K3: f(x_m) = | L3: =POWER(L2,4)+8*POWER(L2,3)-6*POWER(L2,2)-72*L2+90 -> 162
A4: -8 | B4: =POWER(A4,4)+8*POWER(A4,3)-6*POWER(A4,2)-72*A4+90 -> 282 | K4: x_1 = | L4: =A2+L1/4 -> -6
A5: -7 | B5: =POWER(A5,4)+8*POWER(A5,3)-6*POWER(A5,2)-72*A5+90 -> -43 | K5: x_2 = | L5: =A18-L1/4 -> 2
A6: -6 | B6: =POWER(A6,4)+8*POWER(A6,3)-6*POWER(A6,2)-72*A6+90 -> -126 | K6: f(x_1) = | L6: =POWER(L4,4)+8*POWER(L4,3)-6*POWER(L4,2)-72*L4+90 -> -126
A7: -5 | B7: =POWER(A7,4)+8*POWER(A7,3)-6*POWER(A7,2)-72*A7+90 -> -75 | K7: f(x_2) = | L7: =POWER(L5,4)+8*POWER(L5,3)-6*POWER(L5,2)-72*L5+90 -> 2
A8: -4 | B8: =POWER(A8,4)+8*POWER(A8,3)-6*POWER(A8,2)-72*A8+90 -> 26
A9: -3 | B9: =POWER(A9,4)+8*POWER(A9,3)-6*POWER(A9,2)-72*A9+90 -> 117 | K9: Т.к. f(x_1) < f(x_m), то отбрасываем часть интервала (-2; 6]
A10: -2 | B10: =POWER(A10,4)+8*POWER(A10,3)-6*POWER(A10,2)-72*A10+90 -> 162
A11: -1 | B11: =POWER(A11,4)+8*POWER(A11,3)-6*POWER(A11,2)-72*A11+90 -> 149 | K11: L = | L11: =L2-A2 -> 8
A12: 0 | B12: =POWER(A12,4)+8*POWER(A12,3)-6*POWER(A12,2)-72*A12+90 -> 90 | K12: Т.к. |L|<ε , то произоводим ещё 1 итерацию
A13: 1 | B13: =POWER(A13,4)+8*POWER(A13,3)-6*POWER(A13,2)-72*A13+90 -> 21
A14: 2 | B14: =POWER(A14,4)+8*POWER(A14,3)-6*POWER(A14,2)-72*A14+90 -> 2
A15: 3 | B15: =POWER(A15,4)+8*POWER(A15,3)-6*POWER(A15,2)-72*A15+90 -> 117
A16: 4 | B16: =POWER(A16,4)+8*POWER(A16,3)-6*POWER(A16,2)-72*A16+90 -> 474
A17: 5 | B17: =POWER(A17,4)+8*POWER(A17,3)-6*POWER(A17,2)-72*A17+90 -> 1205
A18: 6 | B18: =POWER(A18,4)+8*POWER(A18,3)-6*POWER(A18,2)-72*A18+90 -> 2466
A21: x | B21: f(x) | K21: L= | L21: =A30-A22 -> 8 | S21: 2 итерация
A22: -10 | B22: =POWER(A22,4)+8*POWER(A22,3)-6*POWER(A22,2)-72*A22+90 -> 2210 | K22: x_m = | L22: =(A30+A22)/2 -> -6
A23: -9 | B23: =POWER(A23,4)+8*POWER(A23,3)-6*POWER(A23,2)-72*A23+90 -> 981 | K23: f(x_m) = | L23: =POWER(L22,4)+8*POWER(L22,3)-6*POWER(L22,2)-72*L22+90 -> -126
A24: -8 | B24: =POWER(A24,4)+8*POWER(A24,3)-6*POWER(A24,2)-72*A24+90 -> 282 | K24: x_1 = | L24: =A22+L21/4 -> -8
A25: -7 | B25: =POWER(A25,4)+8*POWER(A25,3)-6*POWER(A25,2)-72*A25+90 -> -43 | K25: x_2 = | L25: =A30-L21/4 -> -4
A26: -6 | B26: =POWER(A26,4)+8*POWER(A26,3)-6*POWER(A26,2)-72*A26+90 -> -126 | K26: f(x_1) = | L26: =POWER(L24,4)+8*POWER(L24,3)-6*POWER(L24,2)-72*L24+90 -> 282
A27: -5 | B27: =POWER(A27,4)+8*POWER(A27,3)-6*POWER(A27,2)-72*A27+90 -> -75 | K27: f(x_2) = | L27: =POWER(L25,4)+8*POWER(L25,3)-6*POWER(L25,2)-72*L25+90 -> 26
A28: -4 | B28: =POWER(A28,4)+8*POWER(A28,3)-6*POWER(A28,2)-72*A28+90 -> 26
A29: -3 | B29: =POWER(A29,4)+8*POWER(A29,3)-6*POWER(A29,2)-72*A29+90 -> 117 | K29: Т.к. f(x_2) >= f(x_m), то отбрасываем интервалы (a; x_1) и (x_2; b)
A30: -2 | B30: =POWER(A30,4)+8*POWER(A30,3)-6*POWER(A30,2)-72*A30+90 -> 162
K31: L = | L31: =L25-L24 -> 4
K32: Т.к. |L|<ε, то переходим к следующей итерации
A37: x | B37: f(x) | K37: L = | L37: =A42-A38 -> 4 | S37: 3 итерация
A38: -8 | B38: =POWER(A38,4)+8*POWER(A38,3)-6*POWER(A38,2)-72*A38+90 -> 282 | K38: x_m = | L38: =(A38+A42)/2 -> -6
A39: -7 | B39: =POWER(A39,4)+8*POWER(A39,3)-6*POWER(A39,2)-72*A39+90 -> -43 | K39: f(x_m) = | L39: =POWER(L38,4)+8*POWER(L38,3)-6*POWER(L38,2)-72*L38+90 -> -126
A40: -6 | B40: =POWER(A40,4)+8*POWER(A40,3)-6*POWER(A40,2)-72*A40+90 -> -126 | K40: x_1 = | L40: =A38+L37/4 -> -7
A41: -5 | B41: =POWER(A41,4)+8*POWER(A41,3)-6*POWER(A41,2)-72*A41+90 -> -75 | K41: x_2 = | L41: =A42-L37/4 -> -5
A42: -4 | B42: =POWER(A42,4)+8*POWER(A42,3)-6*POWER(A42,2)-72*A42+90 -> 26 | K42: f(x_1) = | L42: =POWER(L40,4)+8*POWER(L40,3)-6*POWER(L40,2)-72*L40+90 -> -43
K43: f(x_2) = | L43: =POWER(L41,4)+8*POWER(L41,3)-6*POWER(L41,2)-72*L41+90 -> -75
K45: Т.к. f(x_2) >= f(x_m), то отбрасываем интервалы (a; x_1) и (x_2; b)
K47: L = | L47: =L41-L40 -> 2
K48: Т.к. |L|<ε, то переходим к следующей итерации

Sheet Итерации 1-4 Фибоначчи
A1: x | B1: f(x) | D1: a = | E1: =A2 -> -10
A2: -10 | B2: =POWER(A2,4)+8*POWER(A2,3)-6*POWER(A2,2)-72*A2+90 -> 2210 | D2: b = | E2: =A18 -> 6
A3: -9 | B3: =POWER(A3,4)+8*POWER(A3,3)-6*POWER(A3,2)-72*A3+90 -> 981 | D3: L = | E3: =E2-E1 -> 16 | G3: F_13 = | H3: =Числа_Фибоначчи!A13 -> 233
A4: -8 | B4: =POWER(A4,4)+8*POWER(A4,3)-6*POWER(A4,2)-72*A4+90 -> 282 | D4: F_{n-1} >= | E4: =E3/0.05 -> 320 | G4: F_14 = | H4: =Числа_Фибоначчи!A14 -> 377
A5: -7 | B5: =POWER(A5,4)+8*POWER(A5,3)-6*POWER(A5,2)-72*A5+90 -> -43 | D5: n = | E5: 14
A6: -6 | B6: =POWER(A6,4)+8*POWER(A6,3)-6*POWER(A6,2)-72*A6+90 -> -126 | D6: x_1 = | E6: =E1+(Числа_Фибоначчи!A15/Числа_Фибоначчи!A17)*E3 -> -3.888541
A7: -5 | B7: =POWER(A7,4)+8*POWER(A7,3)-6*POWER(A7,2)-72*A7+90 -> -75 | D7: x_2 = | E7: =E1+(Числа_Фибоначчи!A16/Числа_Фибоначчи!A17)*E3 -> -0.11145899
A8: -4 | B8: =POWER(A8,4)+8*POWER(A8,3)-6*POWER(A8,2)-72*A8+90 -> 26 | D8: f(x_1) = | E8: =POWER(E6,4)+8*POWER(E6,3)-6*POWER(E6,2)-72*E6+90 -> 37.506273
A9: -3 | B9: =POWER(A9,4)+8*POWER(A9,3)-6*POWER(A9,2)-72*A9+90 -> 117 | D9: f(x_2) = | E9: =POWER(E7,4)+8*POWER(E7,3)-6*POWER(E7,2)-72*E7+90 -> 97.939585
A10: -2 | B10: =POWER(A10,4)+8*POWER(A10,3)-6*POWER(A10,2)-72*A10+90 -> 162 | D10: b = | E10: =E7 -> -0.11145899
A11: -1 | B11: =POWER(A11,4)+8*POWER(A11,3)-6*POWER(A11,2)-72*A11+90 -> 149 | D11: x_2 = | E11: =E6 -> -3.888541
A12: 0 | B12: =POWER(A12,4)+8*POWER(A12,3)-6*POWER(A12,2)-72*A12+90 -> 90 | D12: n = | E12: =E5-1 -> 13
A13: 1 | B13: =POWER(A13,4)+8*POWER(A13,3)-6*POWER(A13,2)-72*A13+90 -> 21 | D13: x_1 = | E13: =E1+(Числа_Фибоначчи!A14/Числа_Фибоначчи!A16)*(E10-E1) -> -6.222918
A14: 2 | B14: =POWER(A14,4)+8*POWER(A14,3)-6*POWER(A14,2)-72*A14+90 -> 2 | D14: f(x_1) = | E14: =POWER(E13,4)+8*POWER(E13,3)-6*POWER(E13,2)-72*E13+90 -> -122.54059
A15: 3 | B15: =POWER(A15,4)+8*POWER(A15,3)-6*POWER(A15,2)-72*A15+90 -> 117 | D15: b = | E15: =E11 -> -3.888541
A16: 4 | B16: =POWER(A16,4)+8*POWER(A16,3)-6*POWER(A16,2)-72*A16+90 -> 474 | D16: x_2 = | E16: =E13 -> -6.222918
A17: 5 | B17: =POWER(A17,4)+8*POWER(A17,3)-6*POWER(A17,2)-72*A17+90 -> 1205 | D17: n = | E17: =E12-1 -> 12
A18: 6 | B18: =POWER(A18,4)+8*POWER(A18,3)-6*POWER(A18,2)-72*A18+90 -> 2466 | D18: x_1 = | E18: =E1+(Числа_Фибоначчи!A13/Числа_Фибоначчи!A15)*(E15-E1) -> -7.665623
D19: f(x_1) = | E19: =POWER(E18,4)+8*POWER(E18,3)-6*POWER(E18,2)-72*E18+90 -> 138.73556
D20: a = | E20: =E18 -> -7.665623
D21: x_1 = | E21: =E16 -> -6.222918
D22: n = | E22: =E17-1 -> 11
D23: x_2 = | E23: =E20+(Числа_Фибоначчи!A12/Числа_Фибоначчи!A13)*(E15-E20) -> -5.3312891
D24: f(x_2) = | E24: =POWER(E23,4)+8*POWER(E23,3)-6*POWER(E23,2)-72*E23+90 -> -101.07102
D25: a = | E25: =E21 -> -6.222918
D26: x_1 = | E26: =E23 -> -5.3312891

Sheet Числа_Фибоначчи
A1: 1 | B1: F_1
A2: 1 | B2: F_2
A3: =A1+A2 -> 2 | B3: F_3
A4: =A2+A3 -> 3 | B4: F_4
A5: =A3+A4 -> 5 | B5: F_5
A6: =A4+A5 -> 8 | B6: F_6
A7: =A5+A6 -> 13 | B7: F_7
A8: =A6+A7 -> 21 | B8: F_8
A9: =A7+A8 -> 34 | B9: F_9
A10: =A8+A9 -> 55 | B10: F_10
A11: =A9+A10 -> 89 | B11: F_11
A12: =A10+A11 -> 144 | B12: F_12
A13: =A11+A12 -> 233 | B13: F_13
A14: =A12+A13 -> 377 | B14: F_14
... A210: =A208+A209 -> 3.4507973e+43 | B210: F_210
