Workbook

Sheet Статистики
A1: Выборка | B1: Объём (n) | C1: Среднее | D1: Медиана | E1: Мода | F1: Дисперсия | G1: СКО | H1: Размах | I1: Коэф. Вариации | J1: Ст. ошибка ср. | K1: Максимум | L1: Минимум
A2: Генеральная совокупность | B2: 400 | C2: =AVERAGE(Генеральная_совокупность!B:B) -> 49.419068 | D2: =MEDIAN(Генеральная_совокупность!B:B) -> 51.171773 | E2: =_xlfn.MODE.MULT(Генеральная_совокупность!B:B) -> #N/A | F2: =_xlfn.VAR.P(Генеральная_совокупность!B:B) -> 860.77024 | G2: =_xlfn.STDEV.P(Генеральная_совокупность!B:B) -> 29.338886 | H2: =MAX(Генеральная_совокупность!B:B)-MIN(Генеральная_совокупность!B:B) -> 98.544356 | I2: =(Статистики!G2:G2/Статистики!C2)*100% -> 0.59367542 | J2: =G2/SQRT(B2) -> 1.4669443 | K2: =MAX(Генеральная_совокупность!B:B) -> 99.050514 | L2: =MIN(Генеральная_совокупность!B:B) -> 0.50615838
A3: Простая случайная выборка | B3: 80 | C3: =AVERAGE(Выборки!B:B) -> 53.173837 | D3: =MEDIAN(Выборки!B:B) -> 54.403802 | E3: =_xlfn.MODE.MULT(Выборки!B:B) -> #N/A | F3: =_xlfn.VAR.S(Выборки!B:B) -> 936.40484 | G3: =_xlfn.STDEV.S(Выборки!B:B) -> 30.600733 | H3: =MAX(Выборки!B:B)-MIN(Выборки!B:B) -> 97.504853 | I3: =(Статистики!G3:G3/Статистики!C3)*100% -> 0.57548476 | J3: =G3/SQRT(B3) -> 3.4212659 | K3: =MAX(Выборки!B:B) -> 99.050514 | L3: =MIN(Выборки!B:B) -> 1.5456617
A4: Механическая выборка | B4: 80 | C4: =AVERAGE(Выборки!H:H) -> 45.285894 | D4: =MEDIAN(Выборки!H:H) -> 36.965414 | E4: =_xlfn.MODE.MULT(Выборки!H:H) -> #N/A | F4: =_xlfn.VAR.S(Выборки!H:H) -> 894.75573 | G4: =_xlfn.STDEV.S(Выборки!H:H) -> 29.912468 | H4: =MAX(Выборки!H:H)-MIN(Выборки!H:H) -> 97.143032 | I4: =(Статистики!G4:G4/Статистики!C4)*100% -> 0.66052507 | J4: =G4/SQRT(B4) -> 3.3443156 | K4: =MAX(Выборки!H:H) -> 98.688694 | L4: =MIN(Выборки!H:H) -> 1.5456617
A5: Послойная выборка | B5: 80 | C5: =AVERAGE(Выборки!N:N) -> 52.701879 | D5: =MEDIAN(Выборки!N:N) -> 53.026556 | E5: =_xlfn.MODE.MULT(Выборки!N:N) -> #N/A | F5: =_xlfn.VAR.S(Выборки!N:N) -> 986.95931 | G5: =_xlfn.STDEV.S(Выборки!N:N) -> 31.415908 | H5: =MAX(Выборки!N:N)-MIN(Выборки!N:N) -> 95.861707 | I5: =(Статистики!G5:G5/Статистики!C5)*100% -> 0.59610604 | J5: =G5/SQRT(B5) -> 3.5124053 | K5: =MAX(Выборки!N:N) -> 97.301055 | L5: =MIN(Выборки!N:N) -> 1.4393489

Sheet Генеральная_совокупность
A1: Индекс | B1: Значение
A2: 1 | B2: 37.454012
A3: 2 | B3: 95.071431
A4: 3 | B4: 73.199394
A5: 4 | B5: 59.865848
A6: 5 | B6: 15.601864
A7: 6 | B7: 15.599452
A8: 7 | B8: 5.8083612
A9: 8 | B9: 86.617615
A10: 9 | B10: 60.111501
A11: 10 | B11: 70.807258
A12: 11 | B12: 2.0584494
A13: 12 | B13: 96.990985
... A401: 400 | B401: 75.454287

Sheet Выборки
A1: Индекс_Случайная | B1: Значение_Случайная | C1: Индекс_Случайная (вар.ряд) | D1: Значение_Случайная (вар.ряд) | E1: Ср. значение | G1: Индекс_Механическая | H1: Значение_Механическая | I1: Индекс_Механическая (вар.ряд) | J1: Значение_Механическая (вар.ряд) | K1: Ср. значение | M1: Индекс_Послойная | N1: Значение_Послойная | O1: Индекс_Послойная (вар.ряд) | P1: Значение_Послойная (вар.ряд) | Q1: Ср. значение
A2: 348 | B2: 4.530401 | C2: 245 | D2: 1.5456617 | E2: =AVERAGE(B:B) -> 53.173837 | G2: 5 | H2: 15.601864 | I2: 245 | J2: 1.5456617 | K2: =AVERAGE(H:H) -> 45.285894 | M2: 46 | N2: 66.252228 | O2: 333 | P2: 1.4393489 | Q2: =AVERAGE(N:N) -> 52.701879
A3: 71 | B3: 77.224477 | C3: 291 | D3: 3.050025 | E3: =AVERAGE(B:B) -> 53.173837 | G3: 10 | H3: 70.807258 | I3: 335 | J3: 4.6002642 | K3: =AVERAGE(H:H) -> 45.285894 | M3: 49 | N3: 54.671028 | O3: 172 | P3: 1.6587829 | Q3: =AVERAGE(N:N) -> 52.701879
A4: 246 | B4: 92.831856 | C4: 101 | D4: 3.1429186 | E4: =AVERAGE(B:B) -> 53.173837 | G4: 15 | H4: 18.182497 | I4: 30 | J4: 4.6450413 | K4: =AVERAGE(H:H) -> 45.285894 | M4: 45 | N4: 25.877998 | O4: 101 | P4: 3.1429186 | Q4: =AVERAGE(N:N) -> 52.701879
A5: 250 | B5: 85.300946 | C5: 169 | D5: 4.0775142 | E5: =AVERAGE(B:B) -> 53.173837 | G5: 20 | H5: 29.122914 | I5: 370 | J5: 6.9361301 | K5: =AVERAGE(H:H) -> 45.285894 | M5: 66 | N5: 54.269608 | O5: 43 | P5: 3.4388521 | Q5: =AVERAGE(N:N) -> 52.701879
A6: 289 | B6: 28.654125 | C6: 348 | D6: 4.530401 | E6: =AVERAGE(B:B) -> 53.173837 | G6: 25 | H6: 45.606998 | I6: 355 | J6: 7.0568747 | K6: =AVERAGE(H:H) -> 45.285894 | M6: 16 | N6: 18.340451 | O6: 336 | P6: 4.0728802 | Q6: =AVERAGE(N:N) -> 52.701879
A7: 346 | B7: 61.58501 | C7: 124 | D7: 11.005192 | E7: =AVERAGE(B:B) -> 53.173837 | G7: 30 | H7: 4.6450413 | I7: 375 | J7: 7.1188648 | K7: =AVERAGE(H:H) -> 45.285894 | M7: 41 | N7: 12.203823 | O7: 335 | P7: 4.6002642 | Q7: =AVERAGE(N:N) -> 52.701879
A8: 278 | B8: 64.996393 | C8: 295 | D8: 12.706051 | E8: =AVERAGE(B:B) -> 53.173837 | G8: 35 | H8: 96.563203 | I8: 110 | J8: 7.697991 | K8: =AVERAGE(H:H) -> 45.285894 | M8: 43 | N8: 3.4388521 | O8: 7 | P8: 5.8083612 | Q8: =AVERAGE(N:N) -> 52.701879
A9: 281 | B9: 89.000534 | C9: 67 | D9: 14.092422 | E9: =AVERAGE(B:B) -> 53.173837 | G9: 40 | H9: 44.015249 | I9: 300 | J9: 8.5347465 | K9: =AVERAGE(H:H) -> 45.285894 | M9: 36 | N9: 80.839735 | O9: 355 | P9: 7.0568747 | Q9: =AVERAGE(N:N) -> 52.701879
A10: 107 | B10: 41.038292 | C10: 319 | D10: 15.643704 | E10: =AVERAGE(B:B) -> 53.173837 | G10: 45 | H10: 25.877998 | I10: 165 | J10: 9.028977 | K10: =AVERAGE(H:H) -> 45.285894 | M10: 65 | N10: 28.093451 | O10: 312 | P10: 7.8456381 | Q10: =AVERAGE(N:N) -> 52.701879
A11: 388 | B11: 17.743954 | C11: 210 | D11: 16.080805 | E11: =AVERAGE(B:B) -> 53.173837 | G11: 50 | H11: 18.485446 | I11: 260 | J11: 9.7176494 | K11: =AVERAGE(H:H) -> 45.285894 | M11: 25 | N11: 45.606998 | O11: 165 | P11: 9.028977 | Q11: =AVERAGE(N:N) -> 52.701879
A12: 125 | B12: 22.793516 | C12: 354 | D12: 16.293443 | E12: =AVERAGE(B:B) -> 53.173837 | G12: 55 | H12: 59.789998 | I12: 340 | J12: 9.7834161 | K12: =AVERAGE(H:H) -> 45.285894 | M12: 18 | N12: 52.475643 | O12: 124 | P12: 11.005192 | Q12: =AVERAGE(N:N) -> 52.701879
A13: 198 | B13: 89.711026 | C13: 176 | D13: 17.436643 | E13: =AVERAGE(B:B) -> 53.173837 | G13: 60 | H13: 32.533033 | I13: 100 | J13: 10.789143 | K13: =AVERAGE(H:H) -> 45.285894 | M13: 7 | N13: 5.8083612 | O13: 41 | P13: 12.203823 | Q13: =AVERAGE(N:N) -> 52.701879
... A81: 89 | B81: 88.721274 | C81: 391 | D81: 99.050514 | E81: =AVERAGE(B:B) -> 53.173837 | G81: 400 | H81: 75.454287 | I81: 70 | J81: 98.688694 | K81: =AVERAGE(H:H) -> 45.285894 | M81: 336 | N81: 4.0728802 | O81: 227 | P81: 97.301055 | Q81: =AVERAGE(N:N) -> 52.701879
